{"document":{"pageListHeight":289,"libraryListCollapsed":0,"pageListCollapsed":0},"62C297C3-140A-439E-8272-8868C39833E3":{"scrollOrigin":"{504, -808}","zoomValue":1},"DCC409F1-5594-4FA7-9E10-F0B7EFDE2BAF":{"scrollOrigin":"{215, 378}","zoomValue":0.224109108108686},"10469862-AB92-47F4-8D83-EA14E0FB42F0":{"scrollOrigin":"{-67, 363}","zoomValue":0.2817404605545643}}